incident_id,datetime,longitude,latitude
000013,1/1/2019 12:40 AM,-96.575243,32.687304
000475,1/1/2016 12:30 AM,-96.801332,32.797846
000528,1/1/2015 06:00 AM,-96.755786,32.8748
000608,29/12/2016 12:00 AM,-96.797374,32.718191
000871,1/1/2016 09:50 PM,-96.74718,32.866916
001127,2/1/2019 06:20 PM,-96.684197,32.759217
001357,3/1/2019 06:23 AM,-96.781665,32.801634
002751,5/1/2019 02:39 AM,-96.772386,32.694845
002764,31/12/2014 11:00 AM,-96.842061,32.705753
002912,3/1/2016 08:00 PM,-96.768512,32.809942
003000,5/1/2019 01:40 PM,-96.866075,32.855415
003413,6/1/2019 01:55 AM,-96.80126,32.798106
003601,5/1/2015 03:25 PM,-96.806416,32.73822
004259,6/1/2015 11:20 AM,-96.824371,32.685839
004365,5/1/2016 07:00 PM,-96.8407,32.751042
004406,6/1/2019 10:30 PM,-96.721215,32.79592
004648,4/1/2016 05:00 PM,-96.807844,32.790408
004836,8/1/2019 01:00 AM,-96.742187,32.664555
005618,7/1/2017 12:00 AM,-96.715078,32.921628
006321,10/1/2019 09:30 AM,-96.807844,32.790408
006422,10/1/2019 12:40 PM,-96.767036,32.71393
006484,4/1/2019 02:00 PM,-96.769315,32.800151
006485,10/1/2019 03:10 PM,-96.880927,32.886484
007921,10/1/2015 11:33 PM,-96.859506,32.716783
008605,11/1/2017 06:55 PM,-96.720618,32.765862
008624,13/1/2019 01:40 PM,-96.712653,32.805948
009031,11/1/2015 06:00 PM,-96.846348,32.706406
009259,11/1/2016 11:00 AM,-96.574419,32.686159
009862,14/1/2018 03:00 AM,-96.835934,32.846242
010173,13/1/2016 02:00 PM,-96.910441,32.774786
010408,15/1/2019 08:00 PM,-96.770476,32.8963
010660,14/1/2018 11:30 PM,-96.860712,32.743143
011871,16/1/2015 04:00 AM,-96.725933,32.745627
012120,13/11/2014 03:30 PM,-96.797589,32.776542
012237,16/1/2015 07:30 AM,-96.781397,32.783542
012423,16/1/2015 04:17 PM,-96.770691,32.86875
012646,19/1/2019 08:20 AM,-96.777351,32.780825
012744,16/1/2017 04:45 PM,-96.755891,32.768177
0132727,1/6/2014 08:00 AM,-96.830075,32.70062
013289,20/1/2019 08:11 AM,-96.777351,32.780825
013611,19/1/2018 11:00 AM,-96.836065,32.71034
014317,18/1/2015 12:00 AM,-96.826956,32.699578
015170,19/1/2016 06:25 AM,-96.891299,32.663888
015382,20/1/2015 05:00 PM,-96.687213,32.792531
015518,21/1/2018 05:00 PM,-96.789216,32.967807
016090,20/1/2017 06:00 AM,-96.717816,32.906603
017109,25/1/2019 11:00 PM,-96.824848,33.008661
017126,25/1/2019 11:00 PM,-96.746362,32.910822
017129,22/1/2016 07:00 AM,-96.768719,32.897214
017629,26/1/2019 07:00 PM,-96.805586,32.791663
018065,26/1/2019 10:30 PM,-96.790811,32.816463
018192,22/1/2016 10:30 PM,-96.58185,32.685998
018450,27/1/2019 07:25 PM,-96.781203,32.790242
018602,25/1/2018 07:05 PM,-96.78889,32.738912
018723,24/1/2016 01:30 AM,-96.682498,32.806369
018751,26/1/2019 01:47 PM,-96.77758,32.785092
018906,21/1/2017 09:15 PM,-96.851131,32.996901
019826,29/1/2019 09:01 PM,-96.762015,32.796373
020526,30/1/2019 10:04 PM,-96.911151,32.776337
020532,26/1/2016 11:00 AM,-96.754134,32.772203
020660,27/1/2015 04:06 AM,-96.849028,32.787043
021213,31/1/2019 04:00 PM,-96.735835,32.684868
021252,27/1/2015 07:55 PM,-96.873732,32.781631
021367,1/2/2019 01:50 AM,-96.888143,32.685146
021529,28/1/2017 01:42 AM,-96.83677,32.782061
021653,1/2/2019 10:50 AM,-96.7969,32.777857
022004,28/1/2017 05:43 PM,-96.698169,32.792163
022176,2/2/2019 01:20 AM,-96.759176,32.871032
022450,28/1/2015 07:30 PM,-96.683002,32.728522
022877,3/2/2019 01:16 AM,-96.785965,32.8271
023071,28/1/2016 10:00 PM,-96.800236,32.951524
023222,29/1/2015 05:00 PM,-96.770164,32.810873
023390,3/2/2019 08:12 PM,-96.778797,32.792262
024091,4/2/2019 06:18 PM,-96.762868,32.870023
024094,4/2/2019 05:00 PM,-96.601555,32.676281
024506,1/2/2019 07:00 PM,-96.86348,32.88135
024554,5/2/2019 01:08 PM,-96.760085,32.718903
024824,31/1/2016 10:30 AM,-96.706414,32.773645
024925,31/1/2016 03:30 PM,-96.820651,33.010955
025393,29/1/2016 06:44 AM,-96.855382,32.741143
025977,2/2/2015 12:00 PM,-96.803969,32.7785
026301,2/2/2016 01:00 AM,-96.787574,32.805149
026399,2/2/2016 09:30 AM,-96.912341,32.868515
026514,2/2/2015 11:00 AM,-96.80453,32.71543
027331,3/2/2015 07:30 PM,-96.681677,32.748879
027407,6/2/2018 01:00 AM,-96.600732,32.675066
027468,6/2/2018 09:32 PM,-96.765307,32.777414
028214,4/2/2016 12:50 PM,-96.744056,32.915669
028254,5/2/2015 02:55 PM,-96.799017,32.771181
029010,5/2/2016 01:15 PM,-96.795959,32.808626
030310,13/2/2019 07:00 PM,-96.767046,32.770311
030664,14/2/2019 10:40 AM,-96.777351,32.780825
030869,8/2/2015 10:18 PM,-96.868618,32.745503
031138,8/2/2015 11:20 PM,-96.893481,32.760151
031388,12/2/2018 02:00 AM,-96.876756,32.866402
031771,12/2/2018 05:38 PM,-96.71764,32.908554
031871,9/2/2015 06:00 PM,-96.892858,32.757522
031919,16/2/2019 03:33 AM,-96.855543,32.720202
032436,10/2/2015 08:23 PM,-96.812992,32.805294
032700,17/2/2019 08:22 AM,-96.777351,32.780825
032814,10/2/2016 05:00 AM,-96.708165,32.73425
033540,11/2/2016 12:39 AM,-96.747456,32.77015
035055,20/2/2019 05:00 PM,-96.856007,32.909245
035243,20/2/2019 07:30 AM,-96.730478,32.811634
035847,21/2/2019 07:49 PM,-96.868235,32.819485
036033,22/2/2019 02:00 AM,-96.69543,32.795733
036181,14/2/2016 02:15 AM,-96.847472,32.733755
036687,14/2/2016 08:27 PM,-96.809907,32.811955
037346,15/2/2016 10:30 AM,-96.635186,32.686254
038264,25/2/2019 01:50 AM,-96.747906,32.858128
038332,25/2/2019 05:15 AM,-96.874248,32.6966
038744,25/2/2019 05:30 PM,-96.717943,32.885395
038941,17/2/2016 09:00 AM,-96.580677,32.694119
039841,24/2/2019 08:00 AM,-96.783195,32.988015
040229,24/2/2018 09:49 PM,-96.767137,32.791212
040298,19/2/2016 01:51 AM,-96.686169,32.818355
040377,18/2/2016 11:05 AM,-96.753807,32.879767
040665,10/2/2017 07:30 PM,-96.770691,32.86875
041079,26/2/2018 03:34 AM,-96.822055,32.791842
041274,25/2/2018 01:00 PM,-96.859286,32.783254
041344,18/2/2016 02:30 PM,-96.729086,32.899016
041362,20/2/2016 05:47 AM,-96.774438,32.693298
041942,1/3/2019 10:59 AM,-96.691092,32.879786
042032,2/3/2019 01:40 AM,-96.873135,32.704834
042291,2/3/2019 01:00 PM,-96.774693,32.780277
042318,2/3/2019 01:20 PM,-96.645956,32.750334
042827,3/3/2019 01:26 AM,-96.856754,32.734863
042876,3/3/2019 03:10 AM,-96.700009,32.772885
043161,27/2/2018 08:00 PM,-96.682824,32.743963
043490,4/3/2019 01:20 AM,-96.8033,32.810014
044440,23/2/2016 05:50 PM,-96.824112,32.662194
044508,26/2/2015 08:29 PM,-96.865126,32.792643
045012,15/2/2016 12:00 PM,-96.907451,32.894011
045069,24/1/2019 12:00 AM,-96.687213,32.792531
045408,6/3/2019 07:00 PM,-96.892019,32.726465
045436,28/2/2015 02:00 AM,-96.76976,32.868762
045468,6/3/2019 08:41 PM,-96.703007,32.712031
045881,7/3/2019 11:30 AM,-96.765845,32.802991
046071,28/2/2015 10:00 PM,-96.725149,32.835514
046267,4/3/2018 01:30 PM,-96.759293,32.876118
046445,26/2/2016 02:30 AM,-96.893322,32.862593
046506,26/2/2016 12:01 AM,-96.774693,32.780277
046678,8/3/2019 12:30 PM,-96.706946,32.765541
046838,28/2/2017 11:00 AM,-96.784115,32.804531
047075,8/3/2019 09:50 PM,-96.820845,32.716806
047189,26/2/2016 08:00 PM,-96.772792,32.842883
047279,26/2/2016 10:30 PM,-96.769612,32.877541
047481,27/2/2016 06:00 AM,-96.663451,32.843583
047747,9/3/2019 10:00 AM,-96.838887,32.654679
047838,1/12/2017 12:00 PM,-96.857176,32.639472
048276,9/11/2018 12:00 AM,-96.856523,32.720325
048407,28/2/2016 09:35 AM,-96.655088,32.766409
048692,11/3/2019 01:30 AM,-96.805333,32.796754
048832,11/3/2019 09:25 AM,-96.803969,32.7785
049187,7/2/2015 12:59 PM,-96.894099,32.763688
049396,4/3/2015 06:30 PM,-96.793205,32.767333
050254,4/3/2017 07:14 PM,-96.845614,32.781773
050344,13/3/2019 09:15 AM,-96.794089,32.778506
051176,10/3/2018 05:00 PM,-96.85281,32.85262
051386,10/3/2019 02:00 PM,-96.645736,32.740802
051692,15/3/2019 03:34 AM,-96.829586,32.795216
051731,14/3/2019 07:00 PM,-96.812689,32.755319
052142,3/3/2016 03:55 PM,-96.76435,32.771898
052152,7/3/2017 03:14 AM,-96.84581,33.010437
052925,16/3/2019 05:58 PM,-96.761155,32.813856
053479,5/3/2016 12:20 AM,-96.891356,32.69314
054116,5/3/2016 06:00 PM,-96.8015,32.788995
054219,5/3/2016 06:00 PM,-96.830211,32.718091
054378,18/3/2019 05:25 PM,-96.790046,32.805316
054500,13/2/2019 12:00 AM,-96.773681,32.807844
054660,5/3/2016 09:30 PM,-96.672397,32.757712
055461,15/3/2018 08:00 PM,-96.697366,32.753255
055772,20/3/2019 12:00 PM,-96.777059,32.828197
056079,21/3/2019 04:15 AM,-96.771248,32.755931
056940,13/3/2017 04:35 AM,-96.769696,32.852379
057435,7/3/2016 08:45 PM,-96.882544,32.895229
058181,23/3/2019 09:20 PM,-96.76127,32.763814
058194,23/3/2019 09:00 PM,-96.824371,32.685839
058252,19/3/2018 05:30 PM,-96.79471,32.776279
058312,10/3/2016 09:00 AM,-96.760419,32.799169
059375,25/3/2019 01:40 PM,-96.762984,32.749318
059642,12/3/2016 02:50 AM,-96.826176,32.687818
059649,25/3/2019 08:00 AM,-96.830037,32.699686
059823,26/3/2019 09:20 AM,-96.889748,32.720302
059836,17/3/2017 02:50 AM,-96.83479,32.819928
060022,22/3/2018 01:44 AM,-96.83021,32.720103
060206,26/3/2019 07:22 PM,-96.759382,32.673588
060476,26/3/2019 08:45 PM,-96.828315,32.726561
060525,19/3/2015 12:52 AM,-96.770143,32.845301
062486,25/3/2018 02:13 AM,-96.784135,32.783784
062532,29/3/2019 09:30 PM,-96.821226,32.969031
062995,22/3/2015 02:05 AM,-96.847925,32.739502
063298,31/3/2019 01:53 AM,-96.783391,32.783919
063303,31/3/2019 01:30 AM,-96.702837,32.833178
063779,31/3/2019 08:15 PM,-96.78665,32.705373
064276,22/3/2019 06:00 PM,-96.692084,32.79535
064305,23/3/2015 06:10 PM,-96.837848,32.797268
065029,2/4/2019 05:30 AM,-96.650873,32.854229
065397,18/3/2016 06:00 PM,-96.803852,32.894763
065612,3/4/2019 01:35 PM,-96.762661,32.75208
065859,19/3/2016 08:20 AM,-96.829462,33.006212
067063,31/3/2018 01:30 AM,-96.802128,32.795057
067333,21/3/2016 01:00 AM,-96.86553,32.645984
067365,27/3/2015 04:45 AM,-96.883862,32.861586
067423,5/4/2019 07:19 PM,-96.661822,32.713503
069265,7/4/2019 10:00 PM,-96.73115,32.8069
069764,12/3/2016 12:00 AM,-96.975653,32.660295
070401,9/4/2019 05:55 PM,-96.682766,32.768657
070582,9/4/2019 10:30 PM,-96.779295,32.641924
070644,10/4/2019 12:35 AM,-96.757209,32.741481
070645,24/3/2016 06:45 PM,-96.757877,32.873098
071040,10/4/2019 02:40 PM,-96.775941,32.79465
071398,5/4/2018 02:30 AM,-96.739476,32.900415
072259,1/4/2015 10:09 PM,-96.682766,32.768657
072493,12/4/2019 12:45 PM,-96.814341,32.743062
073377,9/4/2019 12:00 AM,-96.778435,32.782588
073437,28/3/2016 01:30 AM,-96.665193,32.734192
073697,21/3/2016 04:51 PM,-96.769908,32.677245
074280,9/4/2018 04:43 PM,-96.882276,32.66055
075357,30/3/2015 10:51 AM,-96.792602,32.701603
076085,17/4/2019 12:00 AM,-96.885565,32.868507
076442,19/3/2016 10:00 AM,-96.857653,32.739179
076911,18/4/2019 04:00 PM,-96.77555,32.778815
076915,1/4/2016 02:08 AM,-96.801407,32.997472
076937,31/3/2016 08:00 PM,-96.714105,32.71338
077109,7/4/2015 01:00 PM,-96.743866,32.771177
077156,7/4/2017 12:01 AM,-96.802005,32.695012
077757,13/4/2018 11:52 PM,-96.856458,32.777937
077868,19/4/2019 09:26 PM,-96.794161,32.774161
078026,2/4/2016 02:00 PM,-96.790729,32.779205
078048,20/4/2019 02:41 AM,-96.75582,32.76064
078278,14/4/2018 04:00 PM,-96.786344,32.783354
078442,20/4/2019 06:46 PM,-96.7969,32.777857
078631,21/4/2019 12:00 AM,-96.783702,32.743786
078719,9/4/2015 11:27 AM,-96.862515,32.766575
078765,21/4/2019 04:10 AM,-96.697625,32.771047
078972,1/4/2016 10:00 PM,-96.782245,32.98701
079223,3/4/2016 09:28 PM,-96.858694,32.836358
080216,22/4/2019 09:30 PM,-96.828823,32.805824
080624,5/4/2016 03:26 PM,-96.665224,32.864022
081092,24/4/2019 01:00 PM,-96.783561,32.809384
081945,25/4/2019 03:30 PM,-96.802315,32.816192
082074,18/4/2018 10:00 PM,-96.67051,32.73871
082141,13/4/2017 04:14 AM,-96.808405,32.78101
082247,7/4/2016 08:00 AM,-96.658639,32.824076
082924,26/4/2019 07:30 PM,-96.747579,32.671959
083576,15/4/2015 06:10 AM,-96.691967,32.774785
083869,9/4/2016 02:30 AM,-96.828945,32.990947
083874,9/4/2016 02:15 AM,-96.781874,32.784217
084096,15/4/2015 06:49 PM,-96.675028,32.732318
084217,9/4/2016 02:15 PM,-96.783992,32.772709
084298,15/4/2017 12:00 AM,-96.777612,32.952422
084853,15/4/2015 09:00 PM,-96.807375,32.807977
084947,10/4/2016 01:17 PM,-96.795681,32.781377
085010,10/4/2016 02:30 PM,-96.832697,32.655564
085319,30/4/2019 04:30 AM,-96.831739,32.720401
085493,7/4/2016 12:00 AM,-96.920367,32.710576
085784,30/4/2019 12:00 PM,-96.739672,32.892685
085986,11/4/2016 05:19 PM,-96.772538,32.782775
086160,18/4/2015 03:45 AM,-96.813825,32.937228
086167,18/4/2015 04:29 AM,-96.803969,32.7785
086251,11/4/2016 11:30 PM,-96.89318,32.778509
087424,25/4/2018 07:00 AM,-96.826003,33.007271
087500,26/4/2018 12:31 AM,-96.82903,32.997619
087704,25/4/2018 07:00 AM,-96.808494,32.719791
087743,3/5/2019 11:30 AM,-96.770142,32.847048
088089,20/4/2017 08:43 AM,-96.88984,32.903823
088452,4/5/2019 03:00 AM,-96.796219,32.812985
088538,14/4/2016 03:15 PM,-96.79544,32.707404
089664,20/4/2015 06:30 PM,-96.787786,32.803271
089808,22/4/2015 02:00 PM,-96.858559,32.778772
090315,22/4/2015 09:30 PM,-96.786106,32.794459
091735,24/4/2017 06:00 PM,-96.717603,32.918105
092764,25/4/2015 11:18 PM,-96.820923,32.793181
093094,19/4/2016 04:20 PM,-96.828318,32.748965
093391,26/4/2015 03:46 PM,-96.823692,32.636685
093660,3/5/2018 06:25 PM,-96.754349,32.757185
093820,20/4/2016 01:15 PM,-96.876841,32.786865
094475,20/4/2016 09:00 PM,-96.650657,32.739052
094545,28/4/2015 12:35 AM,-96.744804,32.796267
094696,21/4/2016 01:30 PM,-96.793592,32.778607
095247,5/5/2018 06:30 PM,-96.804456,32.777167
096429,7/5/2018 06:05 AM,-96.803463,32.739141
097447,7/5/2018 11:15 PM,-96.757822,32.774628
097447,7/5/2018 11:15 PM,-96.757822,32.774628
097786,2/5/2017 08:31 AM,-96.795681,32.781377
098165,9/5/2018 09:25 AM,-96.7136,32.801974
098788,3/5/2015 02:00 AM,-96.764,32.796937
099246,3/4/2015 08:00 AM,-96.78081,32.790567
099417,2/5/2017 08:00 PM,-96.79779,32.793905
100408,12/5/2018 12:20 AM,-96.795743,32.777579
100459,5/5/2015 12:35 AM,-96.893365,32.864552
101069,5/5/2015 03:00 AM,-96.868303,32.871944
101117,6/5/2017 05:02 AM,-96.690742,32.816267
101165,12/5/2018 10:31 PM,-96.691852,32.748834
102434,30/4/2016 05:00 AM,-96.834531,32.793134
102928,30/4/2016 07:30 PM,-96.814162,32.754977
103791,1/5/2016 08:08 PM,-96.85722,33.002604
104959,10/5/2015 04:28 AM,-96.786319,32.962134
105368,18/5/2018 04:15 AM,-96.896873,32.881135
105455,11/5/2017 10:30 AM,-96.823153,32.813801
105653,3/5/2016 10:13 PM,-96.806842,32.779834
106183,4/5/2016 02:35 PM,-96.809341,32.820531
106198,11/5/2015 06:06 PM,-96.807085,32.682307
106316,2/5/2016 07:00 PM,-96.796673,32.804422
106597,12/5/2015 12:00 AM,-96.800539,32.78035
106614,10/5/2015 05:50 AM,-96.763574,32.883139
107541,6/5/2016 02:36 AM,-96.808868,32.811044
108026,21/5/2018 09:40 AM,-96.808763,32.674893
108392,13/5/2015 12:00 PM,-96.901748,32.774076
108451,14/5/2015 12:00 PM,-96.763713,32.872606
108573,15/5/2017 02:48 AM,-96.750266,32.90833
109162,6/5/2015 09:30 AM,-96.739904,32.878832
109408,15/5/2015 10:00 AM,-96.833007,32.743209
110102,15/5/2015 08:00 PM,-96.870883,32.785908
110733,17/5/2017 03:40 PM,-96.727715,32.81352
114805,14/5/2016 02:45 AM,-96.715782,32.776466
114931,22/5/2017 12:00 PM,-96.805602,32.781673
114939,13/5/2016 10:00 PM,-96.747641,32.913565
115542,22/5/2015 03:30 PM,-96.944541,32.666463
115700,22/5/2015 08:48 PM,-96.700091,32.713077
116098,23/5/2015 08:20 AM,-96.873709,32.740164
116267,24/5/2017 12:30 AM,-96.802588,32.804141
116527,16/5/2016 02:25 AM,-96.782487,32.784868
116612,16/5/2016 06:00 AM,-96.688623,32.833779
116733,23/5/2015 07:50 PM,-96.895452,32.763549
116932,14/5/2016 10:30 PM,-96.771645,32.843129
117080,16/5/2016 05:04 PM,-96.686394,32.871942
117754,25/5/2015 12:00 AM,-96.802396,32.794254
117826,17/5/2016 01:07 PM,-96.826681,32.743097
118393,18/5/2016 04:30 AM,-96.652727,32.76223
118641,18/5/2016 11:02 AM,-96.72826,32.895897
120029,24/5/2015 12:00 PM,-96.866352,32.749932
120927,29/5/2017 01:11 PM,-96.661158,32.704211
121241,29/5/2015 02:56 AM,-96.772077,32.922176
121460,29/5/2015 01:00 AM,-96.655307,32.740009
122175,22/5/2016 01:16 AM,-96.884691,32.812484
122793,30/5/2015 12:55 PM,-96.904341,32.769882
123654,21/5/2016 07:00 PM,-96.814521,32.710272
123827,24/5/2016 03:18 AM,-96.79021,32.789957
123995,30/5/2015 08:00 PM,-96.886895,32.89903
124501,23/5/2016 04:30 PM,-96.842057,32.821024
125289,25/5/2016 04:48 PM,-96.770954,32.836608
126216,26/5/2016 05:13 PM,-96.808627,32.864387
127016,12/6/2018 05:00 PM,-96.73157,32.849906
127156,12/6/2018 08:22 PM,-96.856457,32.779065
127322,27/5/2016 07:02 PM,-96.82206,32.675316
128953,7/6/2017 11:15 PM,-96.75182,32.935786
129228,29/5/2016 08:30 PM,-96.908052,32.752643
129241,29/5/2016 08:40 PM,-96.754134,32.775075
130557,30/5/2016 10:00 PM,-96.743318,32.772811
130801,10/6/2017 12:00 AM,-96.661533,32.7135
130887,9/6/2015 01:10 AM,-96.870957,32.711356
131331,7/6/2015 12:00 PM,-96.779704,32.707802
131681,17/6/2018 06:00 PM,-96.796159,32.779092
131935,1/6/2016 05:55 PM,-96.739562,32.792141
131992,18/6/2018 04:14 PM,-96.748095,32.917743
132139,1/6/2014 01:45 AM,-96.763113,32.868931
132173,1/6/2014 01:17 AM,-96.828465,32.78151
132371,10/6/2015 07:00 PM,-96.758869,32.767147
132493,11/6/2017 08:00 PM,-96.7199,32.783231
132641,11/6/2015 12:30 AM,-96.758358,32.739181
132795,1/6/2014 05:00 PM,-96.773261,32.920923
133524,3/6/2016 01:00 PM,-96.761904,32.767683
133666,1/6/2014 10:30 PM,-96.601555,32.676281
134316,12/6/2015 07:20 PM,-96.721818,32.90945
134401,12/6/2015 08:00 PM,-96.925671,32.701888
134568,21/6/2018 05:47 PM,-96.754369,32.933724
134665,4/6/2014 12:40 AM,-96.872927,32.858611
135516,5/6/2014 12:45 AM,-96.815153,32.806711
135825,5/6/2016 12:01 AM,-96.788319,32.66308
135857,5/6/2016 08:50 PM,-96.770179,32.807071
136335,5/6/2014 11:00 PM,-96.671431,32.74778
136347,2/6/2015 05:55 PM,-96.890093,32.892159
137410,7/6/2014 01:00 AM,-96.842933,32.647702
137559,17/6/2017 09:16 PM,-96.820937,32.959469
138074,17/6/2015 05:16 PM,-96.820337,32.809301
138546,25/6/2018 05:00 PM,-96.828756,33.009289
138552,8/6/2016 05:30 PM,-96.870066,32.754681
138758,17/6/2017 07:30 PM,-96.808213,32.942129
138867,23/6/2018 05:00 PM,-96.68482,32.736534
139395,8/6/2016 06:00 PM,-96.770719,32.788578
139930,10/6/2014 10:20 AM,-96.768995,32.926229
140015,9/6/2016 10:00 PM,-96.687389,32.876608
140032,10/6/2016 06:45 AM,-96.700292,32.890778
140177,21/6/2017 01:57 AM,-96.74177,32.855909
140200,10/6/2014 12:00 AM,-96.853429,32.787075
140568,28/6/2018 05:00 PM,-96.769657,32.695664
140616,20/6/2015 12:00 AM,-96.826003,33.007271
141283,29/6/2018 04:00 PM,-96.803969,32.7785
141338,11/6/2016 04:00 PM,-96.683605,32.808791
141626,5/6/2014 02:00 PM,-96.660656,32.754887
141797,10/6/2014 11:00 PM,-96.523838,32.880465
142293,13/6/2014 12:00 AM,-96.715749,32.921985
142617,13/6/2014 11:35 AM,-96.889935,32.662019
142943,21/6/2015 07:00 PM,-96.849914,33.004929
142965,22/6/2015 06:00 PM,-96.684414,32.752491
143071,22/6/2015 08:00 PM,-96.687742,32.784055
143364,22/6/2015 12:00 PM,-96.856739,32.762388
143367,2/7/2018 12:43 AM,-96.859163,32.73395
143898,14/6/2014 07:22 PM,-96.708463,32.877292
144401,25/6/2017 05:00 PM,-96.814149,32.75252
145577,26/6/2015 03:00 AM,-96.798174,32.735325
146194,26/6/2015 07:00 PM,-96.806999,32.814691
147185,17/6/2016 09:00 PM,-96.77833,32.803302
147468,6/7/2018 09:00 PM,-96.793979,32.780995
147635,7/7/2018 01:36 AM,-96.83502,32.790883
147784,14/6/2014 05:00 PM,-96.761066,32.799284
147835,18/6/2016 11:15 PM,-96.655885,32.70252
148416,26/6/2015 10:47 PM,-96.794717,32.784474
148424,20/6/2014 01:18 AM,-96.592318,32.674869
148538,8/7/2018 05:43 AM,-96.766814,32.674964
148615,29/6/2015 03:20 PM,-96.805771,32.806756
148631,8/7/2018 09:00 AM,-96.829798,32.818655
149160,1/7/2017 04:04 PM,-96.832985,32.711395
149415,1/7/2017 07:20 PM,-96.768207,32.982831
149917,9/7/2018 07:41 PM,-96.775118,32.898831
150121,21/6/2016 09:30 AM,-96.879573,32.855094
150302,10/7/2018 10:02 AM,-96.87459,32.895207
150350,22/6/2014 03:00 AM,-96.69329,32.711588
150361,22/6/2014 07:43 AM,-96.681134,32.705128
150978,21/6/2016 07:00 PM,-96.783798,32.710786
151110,11/7/2018 10:30 AM,-96.646002,32.749755
151113,1/7/2015 07:40 PM,-96.856159,32.720199
151220,6/7/2018 12:00 PM,-96.875295,32.825078
151366,21/6/2014 06:45 AM,-96.792529,33.009195
151382,11/7/2018 04:15 PM,-96.968238,32.674469
151479,23/6/2014 03:00 PM,-96.944597,32.632649
151548,2/7/2015 10:00 PM,-96.794899,32.799872
151649,11/7/2018 10:00 PM,-96.849347,32.755231
151783,23/6/2016 01:30 AM,-96.650153,32.742431
152293,24/6/2014 08:30 AM,-96.779041,32.797136
152364,12/7/2018 04:00 PM,-96.666379,32.845441
152487,3/7/2015 09:56 PM,-96.762868,32.870023
152799,3/7/2015 09:00 PM,-96.657089,32.704997
153542,25/6/2014 10:00 PM,-96.747287,32.7572
153791,5/7/2015 01:40 PM,-96.86436,32.86125
153961,14/7/2018 04:39 PM,-96.802215,32.983111
154250,14/7/2018 10:00 PM,-96.848048,32.730926
154298,15/7/2018 12:20 AM,-96.816284,32.72506
154427,15/7/2018 04:21 AM,-96.803021,32.775343
154503,15/7/2018 03:00 AM,-96.654833,32.728927
154506,26/6/2014 05:30 PM,-96.795959,32.808626
154682,15/7/2018 01:00 PM,-96.792381,32.950221
154776,26/6/2016 01:00 AM,-96.709637,32.768508
154859,6/7/2015 12:00 PM,-96.831165,32.650051
155259,28/6/2014 03:40 AM,-96.910123,32.748762
155490,7/7/2015 11:15 AM,-96.822588,32.94493
155734,16/7/2018 07:15 PM,-96.683993,32.778034
155861,16/7/2018 10:20 PM,-96.799217,32.772703
155982,27/6/2016 05:36 PM,-96.711629,32.796273
156474,29/6/2014 04:20 PM,-96.82022,32.775464
156523,14/7/2018 06:00 PM,-96.786225,32.785512
156906,18/7/2018 05:58 AM,-96.873581,32.90963
156963,18/7/2018 08:50 AM,-96.808767,32.677378
157109,16/7/2018 12:00 PM,-96.791805,32.802827
157449,8/7/2015 11:00 PM,-96.755059,32.765321
157778,12/7/2017 12:39 AM,-96.741406,32.771282
157894,19/7/2018 11:56 AM,-96.880601,32.675186
158223,10/7/2015 06:30 PM,-96.833007,32.743209
158398,20/7/2018 12:05 AM,-96.873721,32.810372
159022,7/7/2015 08:15 PM,-96.810745,32.788253
159342,21/7/2018 01:20 AM,-96.799434,32.781403
159384,21/7/2018 03:00 AM,-96.876755,32.893592
159694,21/7/2018 12:46 PM,-96.898611,32.890909
159772,21/7/2018 03:00 PM,-96.889112,32.660928
160214,3/7/2014 10:00 PM,-96.907648,32.866601
160663,4/7/2014 01:00 PM,-96.682828,32.739463
160788,22/7/2018 09:16 PM,-96.818853,32.939563
161349,23/7/2018 01:50 PM,-96.856524,32.772024
161480,23/7/2018 04:00 PM,-96.81928,32.788848
161574,5/7/2014 01:22 PM,-96.698376,32.79226
161617,23/6/2014 04:50 PM,-96.788295,32.653007
161676,23/7/2018 10:00 PM,-96.761518,32.781516
161829,24/7/2018 04:52 AM,-96.873132,32.911073
161929,3/7/2016 09:00 PM,-96.823686,32.800724
162158,13/7/2015 10:05 AM,-96.771549,32.78438
162676,5/7/2016 01:00 AM,-96.885497,32.721736
162868,25/7/2018 11:48 AM,-96.85682,32.739353
162922,25/7/2018 01:00 PM,-96.842061,32.705753
163031,25/7/2018 04:55 PM,-96.857095,32.721517
163151,16/7/2015 03:28 PM,-96.874036,32.748773
163214,14/7/2015 12:00 PM,-96.812608,32.802701
163229,25/7/2018 08:56 PM,-96.665901,32.763312
163564,17/7/2015 01:00 AM,-96.860527,32.787089
164067,26/7/2018 09:20 PM,-96.751254,32.863901
164072,26/7/2018 05:30 PM,-96.758358,32.739181
164400,7/7/2016 12:07 AM,-96.797825,32.805418
164479,18/7/2015 01:00 AM,-96.887915,32.660286
164724,27/7/2018 05:00 PM,-96.835707,32.779187
164768,7/7/2016 12:15 PM,-96.778435,32.782588
165077,20/7/2017 03:50 PM,-96.851708,32.987116
165120,28/7/2018 03:05 AM,-96.699262,32.803399
165579,7/7/2014 08:47 AM,-96.887788,32.694963
165624,10/7/2014 01:15 PM,-96.895452,32.763549
165693,8/7/2016 07:05 PM,-96.774693,32.780277
165971,8/7/2014 06:00 AM,-96.65363,32.851913
166028,10/7/2014 10:40 PM,-96.743033,32.868117
166058,29/7/2018 09:33 AM,-96.774073,32.862582
166154,11/7/2014 03:34 AM,-96.723902,32.788921
166309,29/7/2018 05:15 PM,-96.864645,32.868654
166332,11/7/2014 09:00 AM,-96.839974,32.645811
166395,26/7/2018 12:00 PM,-96.888872,32.744163
166918,10/7/2016 06:01 PM,-96.831533,32.997585
167409,11/7/2016 01:00 AM,-96.868837,32.757982
167548,23/7/2017 08:56 PM,-96.790271,32.78005
167596,12/7/2014 05:15 PM,-96.786149,32.927822
167734,11/7/2016 05:20 PM,-96.682875,32.759346
167827,13/7/2014 01:45 AM,-96.754008,32.812814
167958,31/7/2018 06:03 PM,-96.803722,32.712632
168703,14/7/2014 05:00 AM,-96.653156,32.728989
168847,13/7/2016 06:15 AM,-96.830894,32.835655
168866,12/7/2016 09:00 PM,-96.714105,32.71338
169080,2/8/2018 04:40 AM,-96.769447,32.899779
169107,23/7/2015 08:25 AM,-96.695339,32.731082
169318,2/8/2018 11:51 AM,-96.830944,32.903608
169362,2/8/2018 01:03 PM,-96.740778,32.894788
169487,2/8/2018 05:00 PM,-96.847664,32.901184
169730,13/7/2016 06:00 PM,-96.750703,32.738326
169759,14/7/2014 10:00 PM,-96.773408,32.713811
169854,24/7/2015 12:30 AM,-96.752297,32.806083
170158,14/7/2016 08:48 PM,-96.802725,32.780711
170831,27/7/2017 07:25 PM,-96.785741,32.7827
171191,16/7/2014 08:30 PM,-96.77319,32.80684
171391,16/7/2014 03:30 AM,-96.871107,32.824511
171433,4/8/2018 07:10 PM,-96.782995,32.820189
171563,17/7/2014 12:15 PM,-96.824371,32.685839
171576,25/7/2015 09:50 PM,-96.695248,32.743194
171649,17/7/2014 02:24 PM,-96.773219,32.694043
171707,26/7/2015 12:30 AM,-96.786641,32.822258
171862,17/7/2016 02:00 AM,-96.782487,32.784868
172003,5/8/2018 02:17 PM,-96.789963,32.804882
172038,5/8/2018 03:24 PM,-96.81529,32.914792
172126,17/7/2016 12:43 PM,-96.772624,32.802476
172248,17/7/2014 08:00 PM,-96.852813,32.660695
173214,27/7/2015 06:00 AM,-96.833338,32.705009
173257,19/7/2014 10:15 AM,-96.770976,32.763363
173542,7/8/2018 10:15 AM,-96.701088,32.839018
173931,7/8/2018 06:45 PM,-96.811442,32.939503
174316,8/8/2018 07:40 AM,-96.710532,32.714711
174441,8/8/2018 12:00 AM,-96.686547,32.806949
174746,28/7/2015 01:00 PM,-96.687598,32.738855
174942,21/7/2014 12:40 PM,-96.770691,32.86875
175256,21/7/2014 06:24 PM,-96.665946,32.763448
175274,21/7/2016 09:00 AM,-96.920928,32.701383
175517,21/7/2016 04:18 PM,-96.676462,32.748693
175771,30/7/2015 06:30 PM,-96.895452,32.763549
176042,22/7/2014 05:30 AM,-96.760062,32.68094
176234,2/8/2017 09:30 AM,-96.787004,32.80141
176408,31/7/2015 10:45 AM,-96.856606,32.778648
176516,31/7/2015 01:30 PM,-96.851385,32.821076
176592,11/8/2018 01:20 AM,-96.850672,32.987112
176884,31/7/2015 10:00 PM,-96.759947,32.86751
176927,11/8/2018 12:14 PM,-96.824992,32.839514
177049,22/7/2016 01:00 AM,-96.672421,32.763493
177592,12/8/2018 08:15 AM,-96.767698,32.884228
177607,24/7/2016 01:00 AM,-96.751032,32.657999
177836,12/8/2018 05:06 PM,-96.818338,32.916037
178032,2/8/2015 04:30 AM,-96.821886,32.816705
178118,13/8/2018 12:18 AM,-96.858016,32.865244
178631,1/8/2015 09:00 PM,-96.891316,32.66807
179344,13/8/2018 05:30 PM,-96.826401,32.725946
179527,26/7/2014 03:50 PM,-96.800234,32.694447
179719,14/8/2018 10:40 PM,-96.678468,32.821674
179726,3/8/2015 06:10 PM,-96.811286,32.926961
179882,15/8/2018 06:06 AM,-96.796498,32.696156
179988,27/7/2014 09:38 AM,-96.813825,32.937228
180061,15/8/2018 11:40 AM,-96.695968,32.774679
180106,4/8/2015 02:15 AM,-96.814161,32.754824
180357,15/8/2018 06:00 PM,-96.886741,32.815805
180435,15/8/2018 07:40 PM,-96.842817,32.749504
180831,16/8/2018 09:15 AM,-96.765545,32.777222
181064,16/8/2018 03:25 PM,-96.685278,32.797771
181516,28/7/2016 10:45 PM,-96.692698,32.798597
181533,17/8/2018 03:42 AM,-96.67195,32.719487
181907,17/8/2018 03:34 PM,-96.836109,32.996905
182109,17/8/2018 06:50 PM,-96.765545,32.777222
182419,30/7/2014 06:00 AM,-96.712465,32.804739
183019,30/7/2016 06:43 PM,-96.601311,32.676976
183483,31/7/2016 09:42 AM,-96.843742,32.827433
183616,31/7/2016 10:00 AM,-96.786237,32.743023
183689,19/8/2018 04:27 PM,-96.820665,32.868693
184007,21/7/2014 12:28 PM,-96.76998,32.848221
184382,1/8/2014 03:45 PM,-96.77892,32.835807
184545,20/8/2018 03:30 PM,-96.770641,32.873007
184629,20/8/2018 05:41 PM,-96.772764,32.791782
184854,8/8/2015 08:59 AM,-96.703113,32.717377
184941,21/8/2018 05:49 AM,-96.848458,32.873514
184986,2/8/2014 08:28 AM,-96.699072,32.738061
185191,2/8/2014 02:15 PM,-96.791309,32.685728
185442,21/8/2018 06:00 PM,-96.658677,32.768319
185598,21/8/2018 11:00 PM,-96.829029,32.996223
185624,11/8/2015 02:09 AM,-96.866727,32.736384
186009,22/8/2018 02:00 PM,-96.789653,32.704747
186541,1/8/2014 09:00 PM,-96.9153,32.777847
186863,23/8/2018 04:27 PM,-96.757157,32.789767
187140,4/8/2014 05:30 PM,-96.791978,32.806943
187434,24/8/2018 08:50 AM,-96.844632,32.808311
187689,24/8/2018 03:15 PM,-96.779295,32.641924
187813,24/8/2018 04:00 PM,-96.822854,32.748011
188439,24/8/2018 11:00 PM,-96.800065,32.782446
188591,25/8/2018 03:30 PM,-96.82287,32.720697
189172,26/8/2018 06:00 AM,-96.813067,32.804319
189343,26/8/2018 03:30 PM,-96.697245,32.739065
189707,19/8/2017 03:49 PM,-96.859084,32.749524
189744,27/8/2018 01:59 AM,-96.718848,32.909549
189842,8/8/2014 03:30 AM,-96.657078,32.713105
189970,16/8/2015 01:00 AM,-96.76974,32.938079
190463,27/8/2018 09:36 PM,-96.764117,32.79465
190749,28/8/2018 09:09 AM,-96.768224,32.835681
191215,9/8/2014 06:33 PM,-96.792312,32.68546
191233,7/8/2016 10:00 AM,-96.82117,32.757766
191284,9/8/2014 05:30 PM,-96.785741,32.7827
191486,29/8/2018 08:45 AM,-96.777351,32.780825
192028,29/8/2018 06:49 PM,-96.816538,32.807866
192135,10/8/2014 09:40 PM,-96.840047,32.720751
192331,19/8/2015 01:31 PM,-96.795092,32.767362
192349,11/8/2014 01:00 AM,-96.888804,32.900787
192930,30/8/2018 11:00 PM,-96.844604,32.72667
193007,31/8/2018 02:10 AM,-96.813464,32.804898
193190,23/8/2017 08:45 PM,-96.763977,32.909156
193400,16/7/2015 12:00 AM,-96.67318,32.834761
193406,31/8/2018 02:15 PM,-96.691101,32.86346
193443,31/8/2018 04:00 PM,-96.871107,32.824511
193730,31/8/2018 11:20 PM,-96.893175,32.876224
193927,1/9/2018 03:55 AM,-96.856559,32.764813
194451,1/9/2018 07:00 PM,-96.775675,32.805643
195175,2/9/2018 07:25 PM,-96.944635,32.632648
195284,22/8/2015 05:50 PM,-96.812608,32.802701
195417,13/8/2016 08:00 PM,-96.804527,32.678272
195764,15/8/2014 03:33 AM,-96.664025,32.842935
196319,4/9/2018 12:00 PM,-96.71527,32.916798
196570,3/9/2018 01:00 PM,-96.772077,32.922124
196742,28/8/2017 09:38 AM,-96.824832,33.01047
196752,15/8/2016 08:15 PM,-96.806297,32.779966
197119,5/9/2018 11:41 AM,-96.768991,32.943503
197293,16/8/2014 02:00 PM,-96.770913,32.898446
197779,5/9/2018 11:20 PM,-96.781528,32.784285
197918,6/9/2018 07:14 AM,-96.869739,32.648246
198420,6/9/2018 06:00 PM,-96.8127,32.786279
198504,6/9/2018 06:00 AM,-96.70158,32.793567
198527,24/8/2015 06:00 PM,-96.838243,32.988371
198634,17/8/2016 06:00 PM,-96.832115,32.837095
198637,18/8/2014 11:09 AM,-96.789962,32.788093
198694,18/8/2014 06:00 AM,-96.65799,32.849878
199045,18/8/2016 04:00 PM,-96.721891,32.852682
199114,18/8/2014 10:26 PM,-96.782773,32.762052
199206,7/9/2018 07:10 PM,-96.869799,32.656865
199364,18/8/2014 08:00 PM,-96.583451,32.686863
199379,26/8/2015 11:30 PM,-96.772727,32.807023
199526,27/8/2015 01:00 PM,-96.80176,32.679267
199548,8/9/2018 08:29 AM,-96.765387,32.871299
199551,8/9/2018 08:02 AM,-96.764384,32.677631
199694,27/8/2015 05:00 PM,-96.874755,32.739778
199713,27/8/2015 10:00 PM,-96.764232,32.804344
199783,8/9/2018 12:23 PM,-96.814305,32.847969
199904,8/9/2018 03:50 PM,-96.833076,32.79587
201076,10/9/2018 10:30 AM,-96.778326,32.699613
201133,5/9/2018 08:30 AM,-96.764676,32.803972
201162,10/9/2018 12:40 PM,-96.770954,32.836608
201370,21/8/2014 01:30 AM,-96.717632,32.779239
201532,10/9/2018 03:00 PM,-96.856729,32.837381
201789,11/9/2018 09:00 AM,-96.82586,32.715029
201798,16/8/2018 12:56 AM,-96.876275,32.909545
201872,6/9/2018 02:00 PM,-96.779041,32.797136
201934,11/8/2018 12:00 AM,-96.59988,32.681014
202097,11/9/2018 05:00 PM,-96.793191,32.779475
202112,11/9/2018 04:54 PM,-96.67029,32.76833
202121,11/9/2018 05:54 PM,-96.682807,32.746819
202213,11/9/2018 06:40 PM,-96.771919,32.781716
202599,31/8/2015 01:50 PM,-96.767847,32.817336
202657,12/9/2018 12:37 PM,-96.864347,32.758289
202920,22/8/2014 01:00 PM,-96.782736,32.804764
203088,22/8/2014 11:00 PM,-96.777088,32.820216
203424,13/9/2018 11:25 AM,-96.801967,32.780072
203541,13/9/2018 02:30 PM,-96.831039,32.848566
204006,1/9/2015 05:00 PM,-96.810311,32.750446
204636,14/9/2018 08:25 PM,-96.774063,32.803361
205347,15/9/2018 07:05 PM,-96.838102,32.74231
206269,27/8/2016 08:35 AM,-96.711023,32.796929
206448,27/8/2016 02:35 PM,-96.781884,32.649109
206910,17/9/2018 07:45 PM,-96.87266,32.647583
206930,27/8/2014 10:00 PM,-96.775351,32.704959
207035,18/9/2018 12:00 AM,-96.642242,32.719516
207101,18/9/2018 02:56 AM,-96.822724,32.826759
207253,18/9/2018 09:05 AM,-96.837178,32.698274
207518,10/9/2017 04:00 PM,-96.873968,32.861297
207712,18/9/2018 07:02 PM,-96.873335,32.720235
207858,29/8/2014 06:33 AM,-96.664504,32.701385
208132,5/9/2015 04:00 PM,-96.859972,32.911643
208597,30/8/2016 01:04 AM,-96.711977,32.887459
208660,30/8/2014 02:50 AM,-96.813315,32.737021
209062,30/8/2014 05:35 PM,-96.674309,32.867867
209684,9/9/2015 10:00 AM,-96.707401,32.73922
209816,8/9/2015 09:00 PM,-96.772388,32.791484
209967,21/9/2018 07:43 PM,-96.655885,32.70252
210602,22/9/2018 06:11 PM,-96.762334,32.712309
210657,22/9/2018 08:01 PM,-96.793534,32.774644
210670,22/9/2018 07:50 PM,-96.907818,32.777704
210953,1/9/2014 09:15 PM,-96.751743,32.773222
211248,15/9/2017 10:17 AM,-96.80333,32.690926
211264,22/9/2018 06:45 PM,-96.709344,32.771171
211540,10/9/2015 10:35 AM,-96.792771,32.800005
211683,2/9/2014 12:00 AM,-96.853546,32.661362
212008,3/9/2016 12:36 AM,-96.668536,32.768326
212980,12/9/2015 09:30 PM,-96.752248,32.775087
213018,4/9/2014 11:30 AM,-96.829586,32.909623
213194,4/9/2016 02:00 PM,-96.845958,32.988893
214048,5/9/2014 04:34 PM,-96.767891,32.775028
214200,27/9/2018 06:45 PM,-96.83859,32.662102
214202,27/9/2018 06:23 PM,-96.791435,32.690493
214411,5/9/2016 05:55 PM,-96.898857,32.784231
214636,6/9/2016 07:00 AM,-96.715681,32.713925
214923,2/9/2016 02:00 PM,-96.790974,32.811849
215476,7/9/2014 02:35 AM,-96.768681,32.791809
215514,18/9/2017 09:00 PM,-96.847957,32.770521
215599,2/9/2016 06:00 PM,-96.808476,32.791561
215785,7/9/2016 12:00 PM,-96.795092,32.767362
215894,20/9/2017 05:30 PM,-96.803453,32.927767
215909,16/9/2015 06:00 PM,-96.801857,32.78623
216344,7/9/2014 10:30 PM,-96.687213,32.792531
216535,8/9/2014 11:00 AM,-96.693837,32.872861
216560,30/9/2018 07:06 PM,-96.743932,32.704394
216833,21/9/2017 09:42 PM,-96.783391,32.783919
217295,7/9/2014 09:00 AM,-96.624338,32.682564
217297,8/9/2014 07:00 PM,-96.795092,32.767362
218892,10/9/2014 11:00 PM,-96.760635,32.871056
219134,4/10/2018 02:35 PM,-96.812992,32.812368
219247,4/10/2018 04:30 PM,-96.75832,32.801339
219452,4/10/2018 10:32 PM,-96.713736,32.777148
220469,6/10/2018 08:30 AM,-96.777351,32.780825
220656,12/9/2016 02:30 PM,-96.79761,32.788305
220754,6/10/2018 05:50 PM,-96.758366,32.870902
220883,6/10/2018 08:55 PM,-96.750535,32.775298
221024,13/9/2014 02:30 PM,-96.797573,32.785506
221195,7/10/2018 08:00 AM,-96.799434,32.781403
222415,15/9/2016 01:30 PM,-96.730795,32.909201
222633,9/10/2018 07:35 AM,-96.837517,32.736871
222997,29/9/2017 03:00 PM,-96.684011,32.782186
223562,10/10/2018 05:00 PM,-96.648708,32.748688
224104,17/9/2016 12:00 AM,-96.949022,32.637784
224231,1/10/2017 01:35 AM,-96.801934,32.796504
224515,27/9/2015 01:35 PM,-96.79057,32.745841
224530,11/10/2018 11:50 PM,-96.671443,32.728874
224642,11/10/2018 11:00 PM,-96.741422,32.909061
224797,27/9/2015 11:25 PM,-96.786226,32.879166
224946,27/9/2015 11:00 PM,-96.669561,32.75992
225221,18/9/2014 04:18 PM,-96.783028,32.901276
225402,13/10/2018 02:16 AM,-96.873335,32.720235
225481,16/9/2014 05:30 PM,-96.821182,32.713138
226529,20/9/2014 01:30 AM,-96.867076,32.734547
226600,20/9/2016 09:30 AM,-96.913384,32.732256
226960,15/10/2018 12:30 PM,-96.671658,32.762138
227139,15/10/2018 10:00 AM,-96.800793,32.781106
227744,21/9/2016 01:24 PM,-96.887577,32.872024
227805,16/10/2018 07:05 PM,-96.77042,32.688174
227991,22/9/2014 12:01 AM,-96.894705,32.717252
228153,5/10/2017 01:00 PM,-96.817634,32.909564
228394,17/10/2018 05:00 PM,-96.912368,32.749647
229067,22/9/2014 09:00 PM,-96.819364,32.748235
229103,6/10/2017 10:08 PM,-96.717973,32.880954
229144,18/10/2018 09:00 PM,-96.853331,32.817627
229636,23/9/2016 07:50 PM,-96.657437,32.763206
230181,3/10/2015 11:50 PM,-96.892734,32.866531
230684,21/10/2018 12:15 AM,-96.80544,32.798963
230900,21/10/2018 06:35 AM,-96.871121,32.82455
230915,21/10/2018 11:01 AM,-96.777351,32.780825
230978,21/10/2018 11:00 AM,-96.735055,32.87078
231146,25/9/2016 04:30 PM,-96.603043,32.675545
231547,26/9/2014 12:00 AM,-96.768305,32.782663
231736,25/9/2016 10:00 PM,-96.76593,32.710614
231974,22/10/2018 08:55 PM,-96.832293,32.658195
231982,26/9/2016 02:25 PM,-96.78515,32.782809
232064,26/9/2016 05:20 PM,-96.798397,32.771981
232128,23/10/2018 02:50 AM,-96.86455,32.778688
232258,26/9/2014 09:00 PM,-96.786271,32.827928
232475,26/9/2014 08:50 PM,-96.782613,32.788061
233024,27/9/2014 09:35 PM,-96.762868,32.870023
233172,7/10/2015 02:00 PM,-96.784573,32.810057
233623,28/9/2014 05:30 PM,-96.762603,32.796075
234069,26/10/2018 03:47 AM,-96.778825,32.761269
234091,13/10/2017 12:14 AM,-96.759066,32.866835
234471,13/10/2017 01:37 PM,-96.811448,32.683795
234600,13/10/2017 08:30 AM,-96.703649,32.894433
234911,27/10/2018 09:40 AM,-96.777351,32.780825
234933,30/9/2016 08:15 AM,-96.6643,32.842705
235039,9/10/2015 09:30 PM,-96.681326,32.85069
235109,30/9/2016 01:00 PM,-96.802847,32.779913
235205,30/9/2014 02:05 PM,-96.650711,32.736429
235929,1/10/2016 01:20 AM,-96.863031,32.747356
236497,2/10/2014 02:00 AM,-96.848128,32.780222
236963,30/10/2018 08:30 AM,-96.813725,32.922535
237190,2/10/2016 09:44 PM,-96.72969,32.659052
237288,29/10/2018 04:00 PM,-96.799338,32.735288
237371,17/10/2017 12:01 AM,-96.65088,32.745918
237919,1/10/2016 03:00 PM,-96.887547,32.886008
239332,3/11/2018 12:00 AM,-96.758199,32.743212
239398,5/10/2014 02:14 AM,-96.675831,32.840253
239633,4/10/2014 10:00 PM,-96.758512,32.787252
240329,4/11/2018 04:10 PM,-96.866708,32.720221
240676,16/10/2015 11:35 AM,-96.69986,32.894566
240700,5/11/2018 08:30 AM,-96.803969,32.7785
240719,2/11/2018 09:42 AM,-96.876574,32.828827
241185,5/11/2018 10:24 PM,-96.749693,32.766852
241274,6/10/2014 09:30 AM,-96.841403,32.767408
241450,7/10/2014 12:45 PM,-96.839591,32.987593
241956,7/11/2018 12:20 AM,-96.665837,32.810165
242285,2/10/2014 11:00 AM,-96.772808,32.92126
243128,19/10/2015 05:40 AM,-96.665626,32.701578
243675,9/10/2014 10:52 PM,-96.878844,32.863315
243822,9/11/2018 05:40 PM,-96.713643,32.93066
244506,10/11/2018 09:48 PM,-96.90885,32.720397
244649,11/11/2018 02:13 AM,-96.784367,32.7845
245935,13/11/2018 01:45 AM,-96.682918,32.71649
246240,12/10/2014 10:30 AM,-96.893365,32.864552
246484,13/11/2018 08:15 PM,-96.85281,32.85262
246543,13/10/2014 10:50 AM,-96.87341,32.727098
246727,14/11/2018 09:30 AM,-96.743887,32.769686
247695,14/10/2016 06:00 PM,-96.805374,32.806447
248022,16/11/2018 07:30 AM,-96.84617,32.720449
248035,16/11/2018 08:00 AM,-96.82451,32.741905
248058,15/10/2014 06:00 AM,-96.895994,32.877472
248168,13/10/2014 06:00 PM,-96.717741,32.89421
248292,16/11/2018 04:28 PM,-96.648358,32.747017
248633,17/11/2018 01:53 AM,-96.786225,32.785512
248932,16/10/2016 06:00 PM,-96.80932,32.787897
248997,25/10/2015 12:00 PM,-96.80604,32.787278
249056,25/10/2015 11:00 PM,-96.824311,32.662187
249173,17/11/2018 10:14 PM,-96.891293,32.660998
249261,17/11/2018 11:51 PM,-96.758962,32.870998
249277,17/11/2018 09:40 PM,-96.80279,33.000706
249536,14/10/2016 08:00 PM,-96.821468,32.797288
250032,17/10/2016 11:40 PM,-96.854679,32.878522
250404,17/10/2014 07:30 PM,-96.806842,32.779834
250455,2/11/2017 11:13 AM,-96.687389,32.876608
251200,18/10/2014 04:55 PM,-96.665179,32.842107
251473,19/10/2016 05:05 PM,-96.66872,32.831195
251479,18/10/2014 10:48 PM,-96.891529,32.72029
251936,29/10/2015 06:00 PM,-96.806806,32.767506
252066,17/10/2014 05:00 PM,-96.756761,32.90486
252634,21/10/2016 12:10 AM,-96.881234,32.731143
252743,21/10/2016 03:20 AM,-96.761258,32.812251
252770,21/10/2016 05:00 AM,-96.763994,32.801556
252838,23/11/2018 04:00 PM,-96.648708,32.748688
252975,23/11/2018 06:30 PM,-96.896889,32.767224
253743,24/11/2018 09:25 PM,-96.743667,32.909225
254423,26/11/2018 01:40 AM,-96.756255,32.868001
254477,26/11/2018 12:30 AM,-96.688911,32.764736
254657,1/11/2015 04:36 PM,-96.877762,32.6623
255089,26/11/2018 11:15 PM,-96.776346,32.836642
255293,23/10/2014 02:10 PM,-96.769784,32.875295
256295,12/10/2016 12:00 AM,-96.856977,32.647231
256714,4/11/2015 02:30 AM,-96.72595,32.893259
256964,29/11/2018 09:00 PM,-96.764478,32.694244
257234,25/10/2014 01:45 AM,-96.778435,32.782588
257285,30/11/2018 09:30 AM,-96.863733,32.736588
257750,11/11/2017 04:00 PM,-96.828041,32.724733
257847,26/10/2014 12:00 AM,-96.820003,32.825951
257866,1/12/2018 12:40 AM,-96.887801,32.857353
258216,1/12/2018 01:20 PM,-96.912835,32.705747
258598,2/12/2018 01:40 AM,-96.801132,32.798578
258752,26/10/2014 08:00 PM,-96.840622,33.014721
259096,2/12/2018 07:45 PM,-96.874143,32.738392
259401,3/12/2018 10:24 AM,-96.746045,32.791929
259407,3/12/2018 07:00 AM,-96.737606,32.78939
259979,4/12/2018 05:21 AM,-96.759947,32.86751
260016,28/10/2014 01:30 PM,-96.729601,32.888874
260113,29/10/2014 08:00 AM,-96.95221,32.66661
260149,4/12/2018 11:30 AM,-96.791944,32.776021
260179,3/12/2018 03:00 PM,-96.706835,32.777118
260365,29/10/2014 06:00 AM,-96.797589,32.776542
260455,30/10/2016 03:00 PM,-96.890115,32.656572
260961,31/10/2016 08:50 AM,-96.691284,32.851447
261358,9/11/2015 10:00 AM,-96.867787,32.712679
261439,5/12/2018 11:00 AM,-96.795092,32.767362
261578,6/12/2018 11:39 AM,-96.795092,32.767362
262820,1/11/2016 06:30 PM,-96.672086,32.739607
263023,18/11/2017 03:00 AM,-96.880678,32.86006
263137,11/11/2015 09:56 PM,-96.78361,32.784654
263242,8/12/2018 04:38 PM,-96.715202,32.863181
263354,8/12/2018 06:30 PM,-96.802119,32.708362
263591,18/11/2017 09:00 PM,-96.75182,32.935786
264394,10/12/2018 09:00 AM,-96.813025,32.805267
264486,10/12/2018 08:53 AM,-96.739934,32.894716
264655,2/11/2014 02:00 PM,-96.860493,32.756706
264747,10/12/2018 06:50 PM,-96.824639,32.740954
264829,10/12/2018 07:18 PM,-96.791805,32.802827
265309,5/11/2016 12:00 AM,-96.664399,32.835735
265449,14/11/2015 10:00 AM,-96.804933,32.783496
265566,14/11/2015 06:00 PM,-96.770954,32.836608
265925,12/12/2018 12:33 PM,-96.798513,32.738933
266127,14/11/2015 08:00 PM,-96.700061,32.748231
266542,13/12/2018 10:29 AM,-96.787485,32.770177
266583,5/11/2014 11:00 AM,-96.768119,32.76392
266741,15/11/2015 01:00 AM,-96.82759,32.978973
268394,15/12/2018 08:30 PM,-96.809714,32.808022
268731,15/12/2018 06:00 PM,-96.688907,32.805992
269240,17/12/2018 01:00 AM,-96.682733,32.78245
269269,17/12/2018 03:14 AM,-96.801967,32.780072
269639,17/12/2018 01:05 PM,-96.857221,32.714172
269904,20/11/2015 12:15 AM,-96.835199,32.817257
269918,10/11/2014 07:30 AM,-96.756341,32.790443
270266,18/12/2018 10:00 AM,-96.772039,32.809655
270471,28/11/2017 05:00 AM,-96.88706,32.652171
270501,18/12/2018 05:22 PM,-96.774693,32.780277
270891,11/11/2014 10:00 AM,-96.835235,32.721188
271403,28/11/2017 10:00 PM,-96.683835,32.810392
271407,21/11/2015 09:30 AM,-96.794774,32.789052
271556,13/11/2016 12:25 AM,-96.861023,32.742237
271698,13/11/2016 04:10 AM,-96.828305,32.802238
272076,20/12/2018 05:15 PM,-96.747346,32.773759
272202,21/12/2018 01:00 AM,-96.751595,32.787604
272676,21/12/2018 06:22 PM,-96.795959,32.808626
272924,22/12/2018 12:00 AM,-96.808586,32.712662
273307,22/12/2018 04:00 PM,-96.650159,32.854658
274071,15/11/2016 11:47 PM,-96.891009,32.698692
274243,23/12/2018 11:20 PM,-96.770954,32.836608
274292,24/12/2018 01:40 AM,-96.790503,32.784987
274692,23/12/2018 05:57 PM,-96.832593,32.709439
274720,16/11/2014 06:00 AM,-96.70235,32.791837
274995,25/12/2018 06:45 AM,-96.772259,32.913541
275107,17/11/2016 04:30 AM,-96.754399,32.870156
275640,25/12/2018 04:30 PM,-96.717297,32.849651
275656,26/12/2018 11:35 AM,-96.828581,32.815007
275739,17/11/2014 04:45 PM,-96.701996,32.723062
275799,26/12/2018 05:53 AM,-96.79552,32.788446
275831,6/11/2014 10:00 AM,-96.715469,32.717557
276987,1/12/2017 09:00 AM,-96.780362,32.808302
277164,18/11/2014 12:00 AM,-96.81677,32.66223
277443,6/12/2017 04:49 PM,-96.767643,32.760011
277596,20/11/2014 02:15 AM,-96.884164,32.659662
277949,20/11/2016 05:20 PM,-96.795681,32.781377
277968,20/11/2014 01:00 PM,-96.883685,32.874047
278032,20/11/2014 02:30 PM,-96.694249,32.719708
278225,30/11/2015 09:45 AM,-96.803809,32.779702
278250,30/12/2018 01:29 AM,-96.761921,32.757369
278430,21/11/2016 10:30 AM,-96.800714,32.779547
278676,24/11/2015 06:00 PM,-96.820389,32.825619
278860,31/12/2018 01:36 AM,-96.880731,32.907573
279162,22/11/2016 02:19 AM,-96.818955,32.954123
279408,31/12/2018 08:04 PM,-96.78316,32.812115
280595,23/11/2014 03:00 AM,-96.731232,32.809228
280745,11/12/2017 02:06 AM,-96.787666,32.785451
280789,3/12/2015 01:50 PM,-96.664769,32.771038
280868,24/11/2016 08:45 AM,-96.801725,32.782773
281335,24/11/2014 01:50 PM,-96.767295,32.864366
281399,21/11/2014 08:00 PM,-96.787967,32.822809
281751,4/12/2015 03:50 PM,-96.857231,32.860392
282137,25/11/2014 04:15 PM,-96.686817,32.737871
282914,27/11/2016 09:30 AM,-96.644309,32.734017
283607,27/11/2016 09:30 PM,-96.985303,32.932204
283701,27/11/2014 10:13 PM,-96.712562,32.864069
283758,27/11/2016 09:00 PM,-96.80533,32.813245
283807,27/11/2016 04:30 PM,-96.828756,33.009289
284274,7/12/2015 02:00 PM,-96.847957,32.770521
284480,28/11/2016 05:30 PM,-96.702132,32.735835
284601,29/11/2016 10:00 AM,-96.772613,32.916076
285132,7/12/2015 06:10 PM,-96.860001,32.822286
285277,7/12/2015 06:30 PM,-96.798974,32.80492
285710,26/11/2014 04:00 PM,-96.861194,32.814556
286012,22/11/2015 08:00 AM,-96.856162,32.827153
287000,1/12/2016 05:30 PM,-96.73456,32.881916
288332,12/12/2015 01:50 AM,-96.803628,32.79485
288907,12/12/2015 05:30 PM,-96.828636,32.743103
288991,12/12/2015 09:00 AM,-96.801571,32.769209
290116,14/12/2015 08:45 AM,-96.72579,32.909625
290286,5/12/2016 08:00 PM,-96.806642,32.729422
290544,6/12/2016 01:40 PM,-96.829129,32.844888
290578,5/12/2014 11:00 PM,-96.759677,32.803018
290963,14/12/2015 10:00 PM,-96.68925,32.735305
292127,8/12/2016 12:45 AM,-96.752819,32.866439
292488,16/12/2015 11:28 PM,-96.856457,32.779065
292677,9/12/2016 12:42 AM,-96.757515,32.868972
293350,27/12/2017 06:00 AM,-96.909878,32.895497
295391,12/12/2014 04:00 PM,-96.799338,32.735288
295701,12/12/2016 05:41 PM,-96.889935,32.662019
296141,12/12/2016 10:00 PM,-96.825459,32.805308
296263,15/12/2015 12:42 PM,-96.711427,32.80727
296790,13/12/2014 07:00 PM,-96.781572,32.762226
297859,22/12/2015 05:10 PM,-96.822882,32.804875
298439,23/12/2015 01:00 AM,-96.867986,32.864304
299785,17/12/2016 02:00 AM,-96.785691,32.73439
300420,18/12/2014 08:00 PM,-96.759105,32.752346
300501,18/12/2014 10:50 PM,-96.813913,32.659906
300797,27/12/2015 12:20 AM,-96.783747,32.784626
301014,19/12/2016 12:45 AM,-96.803969,32.7785
301909,24/12/2015 05:00 PM,-96.893686,32.816303
301962,26/12/2015 12:00 PM,-96.6939,32.78249
302149,24/12/2015 09:30 PM,-96.714541,32.860933
302757,20/12/2016 09:00 PM,-96.599294,32.671397
303299,21/12/2016 06:00 AM,-96.759033,32.800798
303425,21/12/2016 11:30 AM,-96.799235,32.804523
304014,31/12/2015 11:00 AM,-96.878979,32.647578
304033,23/12/2014 12:27 PM,-96.824497,32.662301
304433,23/12/2016 12:00 AM,-96.738104,32.77514
304629,23/12/2016 11:15 AM,-96.68101,32.844627
306261,26/12/2014 05:27 PM,-96.904544,32.774968
306674,27/12/2014 04:30 AM,-96.740209,32.889506
308738,28/12/2016 01:50 PM,-96.804915,32.781574
309770,30/12/2014 09:00 PM,-96.764676,32.803972
